Deal name masked,Customer Name Code,Serial #,Nature of Work,Last executed month of recurring project,Execution Status,Data Delivery Date,Date of PO/LOI,Document Type,Probable Start Date,Probable End Date,BD/KAM Personnel code,Sector,Type of Work,Is any Skylark software platform part of the client deliverables in this deal?,Last invoice date,latest invoice no.,Amount in Rupees (Excl of GST) (Masked),Amount in Rupees (Incl of GST) (Masked),Billed Value in Rupees (Excl of GST.) (Masked),Billed Value in Rupees (Incl of GST.) (Masked),Collected Amount in Rupees (Incl of GST.) (Masked),Amount to be billed in Rs. (Exl. of GST) (Masked),Amount to be billed in Rs. (Incl. of GST) (Masked),Amount Receivable (Masked),AR Priority account,Quantity by Ops,Quantities as per PO,Quantity billed (till date),Balance in quantity,Invoice Status,Expected Billing Month,Actual Billing Month,Actual Collection Month,WO Status (billed),Collection status,Collection Date,Billing Status
Scooby-Doo,WOCOMPANY_002,SDPLDEAL-075,One time Project,,Completed,27-09-2025,29-10-2025,Purchase Order,31-05-2025,03-06-2025,OWNER_003,Mining,Raw images/videography,NONE,14-01-2026,SDPL/FY25-26/916,264398.08,311989.7344,,0,,264398.08,311989.7344,0,,,5360 HA,,5360,,,,,,,,Update Required
Appa,WOCOMPANY_038,SDPLDEAL-101,Proof of Concept,,Not Started,,31-07-2025,Purchase Order,11-08-2025,15-08-2025,OWNER_002,Powerline,Powerline Inspection,,,,154150,181897,,0,,154150,181897,0,,,4,,4,,,,,Open,,,
Sakura,WOCOMPANY_002,SDPLDEAL-002,Monthly Contract,Dec,Executed until current month,31-12-2025,16-05-2025,Purchase Order,01-05-2025,30-04-2026,OWNER_003,Mining,Volumetric survey,NONE,,,2984097.36,3521234.885,23959.68248,28272.42533,,2960137.678,3492962.459,28272.42533,,,3000,,3000,,,,,Open,,,Partially Billed
Sakura,WOCOMPANY_002,SDPLDEAL-003,One time Project,,Completed,,08-05-2025,Purchase Order,20-05-2025,31-05-2025,OWNER_003,Mining,Topography Survey: RGB,NONE,15-09-2025,SDPL/FY25-26/449,184980,218276.4,184980,218276.4,66880.1356,0,0,151396.2644,,,600,,600,Not billed yet,,,,Open,,,
SpongeBob,WOCOMPANY_032,SDPLDEAL-004,One time Project,,Completed,,06-05-2025,LOA/LOI,24-05-2025,20-06-2025,OWNER_003,Powerline,Powerline Inspection,NONE,,,1132250.248,1336055.293,1215157.544,1433885.902,,-82907.29608,-97830.60937,1433885.902,Priority,,59.33,,59.33,,,,,Open,,,BIlled
Edward Elric,WOCOMPANY_008,SDPLDEAL-005,One time Project,,Completed,,16-05-2025,Purchase Order,20-05-2025,31-05-2025,OWNER_003,Renewables,Hydrology,NONE,18-07-2025,SDPL/FY25-26/359,135652,160069.36,135652,160069.36,160069.36,0,0,0,,,1,1,0,Fully Billed,,,,Closed,,,
Pumbaa,WOCOMPANY_047,SDPLDEAL-001,Annual Rate Contract,June,Ongoing,,15-05-2025,Purchase Order,19-05-2025,19-11-2025,OWNER_005,Renewables,Others,SPECTRA,06-09-2025,SDPL/FY25-26/431,3995568,4714770.24,3662604,4321872.72,1405108.08,332964,392897.52,2916764.64,,,12,2,10,Partially Billed,,,,Open,,,
Sakura,WOCOMPANY_002,SDPLDEAL-006,Monthly Contract,November,Executed until current month,,21-05-2025,Purchase Order,01-05-2025,30-04-2026,OWNER_003,Mining,Topography Survey: RGB,NONE,16-06-2025,SDPL/FY25-26/064,727588,858553.84,151417.1918,178672.2863,178672.182,576170.8082,679881.5537,0.10432872,,,1600,,1600,Partially Billed,,,,Open,,,
Sakura,WOCOMPANY_002,SDPLDEAL-007,Monthly Contract,Dec,Executed until current month,,22-05-2025,Purchase Order,20-05-2025,30-04-2026,OWNER_003,Mining,Topography Survey: RGB,NONE,06-09-2025,SDPL/FY25-26/435,2293752,2706627.36,1742808.444,2056513.963,1225606.682,550943.5564,650113.3966,830907.2814,,,4800,,4800,Partially Billed,,,,Open,,,
Alias_160,WOCOMPANY_051,SDPLDEAL-008,One time Project,,Completed,28-05-2025,10-04-2025,Purchase Order,20-04-2025,31-05-2025,OWNER_001,Mining,Topography Survey: RGB,NONE,23-07-2025,SDPL/FY25-26/365,126649.64,149446.5752,81360.37,96005.2366,,45289.27,53441.3386,96005.2366,,447.170583,460,,460,Fully Billed,,July,,Closed,,,
Alias_160,WOCOMPANY_051,SDPLDEAL-009,One time Project,,Completed,30-05-2025,10-04-2025,Purchase Order,15-04-2025,31-05-2025,OWNER_001,Mining,Topography Survey: RGB,NONE,06-08-2025,SDPL/FY25-26/385,1198053.8,1413703.484,680159.9172,802588.7024,397840.8515,517893.8828,611114.7816,404747.8508,,2424.42,2500,,2500,Fully Billed,,August,,Closed,,,
Alias_160,WOCOMPANY_051,SDPLDEAL-010,One time Project,,Completed,10-06-2025,10-04-2025,Purchase Order,14-04-2025,31-05-2025,OWNER_001,Mining,Topography Survey: RGB,NONE,27-06-2025,SDPL/FY25-26/096,112652.82,132930.3276,112652.82,132930.3276,,0,0,132930.3276,,629.83,630,,630,Fully Billed,,June,,Closed,,,
Alias_160,WOCOMPANY_051,SDPLDEAL-011,One time Project,,Completed,20-05-2025,10-04-2025,Purchase Order,10-04-2025,31-05-2025,OWNER_001,Mining,Topography Survey: RGB,NONE,06-08-2025,SDPL/FY25-26/382,643730.4,759601.872,593662.48,700521.7264,641154.9235,50067.92,59080.1456,59366.80294,,3319.81,3600,,3600,Fully Billed,,August,,Closed,,,
Alias_160,WOCOMPANY_051,SDPLDEAL-012,One time Project,,Completed,17-06-2025,10-04-2025,Purchase Order,14-04-2025,16-06-2025,OWNER_001,Mining,Topography Survey: RGB,NONE,23-07-2025,SDPL/FY25-26/366,770750,909485,380158.564,448587.1055,371722.8964,390591.436,460897.8945,76864.20912,,2125.654959,2500,,2500,Fully Billed,,July,,Closed,,,
Alias_160,WOCOMPANY_051,SDPLDEAL-013,One time Project,,Completed,13-05-2025,10-04-2025,Purchase Order,15-04-2025,31-05-2025,OWNER_001,Mining,Topography Survey: RGB,NONE,06-08-2025,SDPL/FY25-26/383,214576.8,253200.624,172555.51,203615.5018,186359.8768,42021.29,49585.1222,17255.62499,,964.831248,1200,,1200,Fully Billed,,August,,Closed,,,
Alias_160,WOCOMPANY_051,SDPLDEAL-014,One time Project,,Completed,30-05-2025,10-04-2025,Purchase Order,09-04-2025,20-06-2025,OWNER_001,Mining,Topography Survey: RGB,NONE,24-09-2025,SDPL/FY25-26/475,250339.6,295400.728,177469.3187,209413.7961,191666.4104,72870.28128,85986.93191,17747.38569,,922.484,1400,,1400,Fully Billed,,September,,Closed,,,
Alias_160,WOCOMPANY_051,SDPLDEAL-015,One time Project,,Completed,03-05-2025,10-04-2025,Purchase Order,22-04-2025,20-06-2025,OWNER_001,Mining,Topography Survey: RGB,NONE,06-08-2025,SDPL/FY25-26/384,109791.796,129554.3193,109791.796,129554.3193,118573.9065,0,0,10980.4128,,613.57,614,,614,Fully Billed,,August,,Closed,,,
Alias_160,WOCOMPANY_051,SDPLDEAL-016,One time Project,,Completed,06-05-2025,10-04-2025,Purchase Order,25-04-2025,13-06-2025,OWNER_001,Mining,Topography Survey: RGB,NONE,08-09-2025,SDPL/FY25-26/437,210799.5084,248743.4199,210799.5084,248743.4199,189719.4712,0,0,59023.94868,Priority,1213.9,1178.88,,1178.88,Fully Billed,,September,,Closed,,,
Alias_160,WOCOMPANY_051,SDPLDEAL-017,One time Project,,Completed,13-05-2025,10-04-2025,Purchase Order,25-04-2025,31-05-2025,OWNER_001,Mining,Topography Survey: RGB,NONE,10-07-2025,SDPL/FY25-26/133,62584.9,73850.182,62584.9,73850.182,67591.91398,0,0,6258.268024,,348.2,350,,350,Fully Billed,,July,,Closed,,,
Alias_160,WOCOMPANY_051,SDPLDEAL-018,One time Project,,Completed,06-05-2025,10-04-2025,Purchase Order,28-04-2025,31-05-2025,OWNER_001,Mining,Topography Survey: RGB,NONE,29-06-2025,SDPL/FY25-26/099,260360.5832,307225.4882,260353.184,307216.7571,281181.8333,7.3992,8.731056,26034.92378,,1437.2,1456,,1456,Fully Billed,,July,,Closed,,,
Alias_160,WOCOMPANY_051,SDPLDEAL-019,One time Project,,Completed,14-06-2025,10-04-2025,Purchase Order,01-05-2025,30-05-2025,OWNER_001,Mining,Topography Survey: RGB,NONE,27-06-2025,SDPL/FY25-26/110,157535.134,185891.4581,157399.2354,185731.0977,185891.3348,135.89864,160.3603952,-160.2370752,,880.27,881,,881,Fully Billed,,July,,Closed,,,
Alias_160,WOCOMPANY_051,SDPLDEAL-020,One time Project,,Completed,03-06-2025,10-04-2025,Purchase Order,02-05-2025,30-05-2025,OWNER_001,Mining,Topography Survey: RGB,NONE,19-07-2025,SDPL/FY25-26/360,227987.85,269025.663,215828.498,254677.6276,233094.3832,12159.352,14348.03536,21583.24442,,1206.67,1275,1207,68,Fully Billed,,July,,Closed,,,
Mojo Jojo,WOCOMPANY_036,SDPLDEAL-021,One time Project,,Completed,24-06-2025,10-04-2025,Purchase Order,01-05-2025,31-05-2025,OWNER_001,Mining,Topography Survey: RGB,NONE,08-08-2025,SDPL/FY25-26/399,151275.4108,178504.9847,125206.796,147744.0193,147743.526,26068.6148,30760.96546,0.49328,,383.54,446.07,,446.07,Fully Billed,,August,,Closed,,,
Mojo Jojo,WOCOMPANY_036,SDPLDEAL-022,One time Project,,Completed,07-05-2025,10-04-2025,Purchase Order,01-05-2025,31-05-2025,OWNER_001,Mining,Topography Survey: RGB,NONE,05-08-2025,SDPL/FY25-26/143,1164911.55,1374595.629,1138011.758,1342853.875,1342853.678,26899.7916,31741.75409,0.197312,,3352.936219,3435,,3435,Fully Billed,,August,,Closed,,,
Mojo Jojo,WOCOMPANY_036,SDPLDEAL-024,One time Project,,Completed,07-06-2025,10-04-2025,Purchase Order,01-05-2025,31-05-2025,OWNER_001,Mining,Topography Survey: RGB,NONE,06-08-2025,SDPL/FY25-26/389,371860.3612,438795.2262,365246.7096,430991.1173,430990.772,6613.6516,7804.108888,0.345296,,,662.27,,662.27,Fully Billed,,August,,Closed,,,
Mojo Jojo,WOCOMPANY_036,SDPLDEAL-023,One time Project,,Completed,24-06-2025,10-04-2025,Purchase Order,01-05-2025,31-05-2025,OWNER_001,Mining,Topography Survey: RGB,NONE,07-08-2025,SDPL/FY25-26/394,440190.74,519425.0732,396450.3692,467811.4357,467810.7204,43740.3708,51613.63754,0.715256,,1073.63,1180,,1180,Fully Billed,,September,,Closed,,,
Alias_160,WOCOMPANY_051,SDPLDEAL-025,One time Project,,Completed,10-07-2025,10-04-2025,Purchase Order,07-05-2025,15-06-2025,OWNER_001,Mining,Topography Survey: RGB,NONE,25-07-2025,SDPL/FY25-26/371,170274.09,200923.4262,170274.09,200923.4262,,0,0,200923.4262,,952.24,952.24,,952.24,Fully Billed,,July,,Closed,,,
Tanjiro,WOCOMPANY_005,SDPLDEAL-026,One time Project,,Completed,11-06-2025,10-04-2025,Purchase Order,01-05-2025,30-05-2025,OWNER_001,Mining,Topography Survey: RGB,NONE,07-08-2025,SDPL/FY25-26/395,183130.2,216093.636,179510.758,211822.6944,17951.6924,3619.442,4270.94156,193871.002,,808.664192,825,,825,Fully Billed,,July,,Closed,,,
Tanjiro,WOCOMPANY_005,SDPLDEAL-027,One time Project,,Completed,16-06-2025,10-04-2025,Purchase Order,01-05-2025,30-05-2025,OWNER_001,Mining,Topography Survey: RGB,NONE,08-08-2025,SDPL/FY25-26/398,937848.6,1106661.348,937848.6,1106661.348,,0,0,1106661.348,,4178.438199,4225,,4225,Fully Billed,,August,,Closed,,,
Tanjiro,WOCOMPANY_005,SDPLDEAL-028,One time Project,,Completed,16-06-2025,10-04-2025,Purchase Order,01-05-2025,30-05-2025,OWNER_001,Mining,Topography Survey: RGB,NONE,07-08-2025,SDPL/FY25-26/396,355161.6,419090.688,336437.9244,396996.7508,,18723.6756,22093.93721,396996.7508,,1505.64583,1600,,1600,Fully Billed,,August,,Closed,,,
Tanjiro,WOCOMPANY_005,SDPLDEAL-029,One time Project,,Completed,13-06-2025,10-04-2025,Purchase Order,01-05-2025,30-05-2025,OWNER_001,Mining,Topography Survey: RGB,NONE,06-08-2025,SDPL/FY25-26/392,358830.8633,423420.4187,358830.37,423419.8366,,0.49328,0.5820704,423419.8366,,1626.320549,1616.53,,1616.53,Fully Billed,,August,,Closed,,,
Armin,WOCOMPANY_020,SDPLDEAL-030,One time Project,,Completed,09-05-2025,10-04-2025,Purchase Order,15-04-2025,30-05-2025,OWNER_001,Mining,Topography Survey: RGB,NONE,24-06-2025,SDPL/FY25-26/084,135488.712,159876.6801,135489.2176,159877.2768,159876.9808,-0.505612,-0.59662216,0.295968,,396.22,406,,406,Fully Billed,,June,,Closed,,,
Armin,WOCOMPANY_020,SDPLDEAL-031,One time Project,,Completed,09-05-2025,10-04-2025,Purchase Order,15-04-2025,30-05-2025,OWNER_001,Mining,Topography Survey: RGB,NONE,24-06-2025,SDPL/FY25-26/086,236813.8624,279440.3576,236813.8624,279440.3576,4737.9544,0,0,274702.4032,,705.02,711.23,,711.23,Fully Billed,,June,,Closed,,,
Armin,WOCOMPANY_020,SDPLDEAL-032,One time Project,,Completed,09-05-2025,10-04-2025,Purchase Order,15-04-2025,30-05-2025,OWNER_001,Mining,Topography Survey: RGB,NONE,24-06-2025,SDPL/FY25-26/085,382095.9212,450873.187,382095.9212,450873.187,450873.9516,0,0,-0.764584,,1144.13,1147.56,,1147.56,Fully Billed,,June,,Closed,,,
Jessie,WOCOMPANY_043,SDPLDEAL-033,Annual Rate Contract,June,Completed,15-06-2025,10-04-2025,Purchase Order,21-04-2025,31-05-2025,OWNER_001,Mining,Topography Survey: RGB,NONE,21-08-2025,SDPL/FY25-26/418,755939.268,892008.3362,545913.7159,644178.1848,383312.436,210025.5521,247830.1515,260865.7488,Priority,6539.578,5838,,5838,Partially Billed,,August,,Closed,,,
Naruto,WOCOMPANY_001,SDPLDEAL-034,One time Project,,Completed,,27-05-2025,Purchase Order,27-05-2025,30-06-2025,OWNER_003,Renewables,Hydrology,NONE,16-09-2025,SDPL/FY25-26/455,308300,363794,308300,363794,120853.6,0,0,242940.4,Priority,,1,,1,Fully Billed,,,,Closed,,,
Inosuke,WOCOMPANY_045,SDPLDEAL-035,Proof of Concept,,Ongoing,,13-05-2025,LOA/LOI,01-06-2025,30-06-2025,OWNER_003,Railways,Road/rail survey,NONE,,,1.2332,1.455176,,0,,1.2332,1.455176,0,,,1,,1,,,,,Open,,,Not Billable
Alias_162,WOCOMPANY_052,SDPLDEAL-037,Annual Rate Contract,Dec,Completed,18-06-2025,25-04-2025,Purchase Order,04-06-2025,30-06-2025,OWNER_001,Mining,Topography Survey: RGB,NONE,,,2250751.549,2655886.828,2158261.919,2546749.065,,92489.63004,109137.7634,2546749.065,Priority,,300,,300,Partially Billed,,July,,Open,,,
Alias_162,WOCOMPANY_052,SDPLDEAL-038,One time Project,,Completed,22-06-2025,10-04-2025,Purchase Order,12-06-2025,30-06-2025,OWNER_001,Mining,Topography Survey: RGB,NONE,01-08-2025,SDPL/FY25-26/372,476015.2,561697.936,476382.6936,562131.5784,562132.0224,-367.4936,-433.642448,-0.443952,,,643,,643,Fully Billed,,July,,Closed,,,
Alphonse,WOCOMPANY_009,SDPLDEAL-040,One time Project,,Completed,23-09-2025,11-06-2025,Purchase Order,16-06-2025,04-07-2025,OWNER_001,Renewables,Topography Survey: RGB,NONE,,,1426208.132,1682925.596,,0,,1426208.132,1682925.596,0,,,2057 Acr,,2057,Not billed yet,,,,Open,,,
Alphonse,WOCOMPANY_009,SDPLDEAL-041,One time Project,,Completed,11-06-2025,11-06-2025,Purchase Order,02-06-2025,13-06-2025,OWNER_001,Renewables,"Hydrology, Topography Survey: RGB",NONE,17-06-2025,SDPL/FY25-26/068,443952,523863.36,443952,523863.36,523863.36,0,0,0,,,1,1,0,Fully Billed,,June,,Closed,,,
Alphonse,WOCOMPANY_009,SDPLDEAL-042,One time Project,,Completed,,11-06-2025,Purchase Order,02-06-2025,11-06-2025,OWNER_001,Renewables,"Topography Survey: RGB, Hydrology",NONE,17-06-2025,SDPL/FY25-26/069,881738,1040450.84,881738,1040450.84,895103.4216,0,0,145347.4184,,,1,1,0,Fully Billed,,September,,Closed,,,
Erwin,WOCOMPANY_021,SDPLDEAL-043,One time Project,,Completed,15-06-2025,10-04-2025,Purchase Order,16-06-2025,23-06-2025,OWNER_001,Mining,Topography Survey: RGB,NONE,16-09-2025,SDPL/FY25-26/453,16648.2,19644.876,16648.2,19644.876,,0,0,19644.876,,,50 HA,,50,Fully Billed,,September,,Closed,,,
Tanjiro,WOCOMPANY_005,SDPLDEAL-044,One time Project,,Completed,02-07-2025,10-04-2025,LOA/LOI,14-06-2025,23-06-2025,OWNER_001,Mining,Topography Survey: RGB,NONE,20-08-2025,SDPL/FY25-26/407,12774.7188,15074.16818,12774.7188,15074.16818,15074.6368,0,0,-0.468616,,,57.55 HA,,57.55,Fully Billed,,August,,Closed,,,
Tanjiro,WOCOMPANY_051,SDPLDEAL-046,One time Project,,Completed,05-05-2025,10-04-2025,Purchase Order,22-05-2025,22-06-2025,OWNER_001,Mining,Topography Survey: RGB,NONE,25-07-2025,SDPL/FY25-26/369,390952.7636,461324.261,390887.404,461247.1367,461247.63,65.3596,77.124328,-0.49328,,2246.97,2186.54 HA,,2186.54,Fully Billed,,July,,Closed,,,
Tanjiro,WOCOMPANY_051,SDPLDEAL-047,One time Project,,Completed,26-05-2025,10-04-2025,Purchase Order,15-05-2025,16-06-2025,OWNER_001,Mining,Topography Survey: RGB,NONE,02-07-2025,SDPL/FY25-26/115,476539.31,562316.3858,469116.7409,553557.7542,506645.9025,7422.56914,8758.631585,46911.85167,,1993.1968,2665 HA,2623.49,41.51,Fully Billed,,July,,Closed,,,
Tanjiro,WOCOMPANY_051,SDPLDEAL-048,One time Project,,Completed,13-05-2025,10-04-2025,Purchase Order,14-04-2025,30-06-2025,OWNER_001,Mining,Topography Survey: RGB,NONE,27-06-2025,SDPL/FY25-26/097,145842.4865,172094.1341,145842.4865,172094.1341,157509.7547,0,0,14584.37937,,815.61,815.6 HA,815.61,-0.01,Fully Billed,,July,,Closed,,,
Tanjiro,WOCOMPANY_051,SDPLDEAL-049,One time Project,,Completed,10-06-2025,10-04-2025,Purchase Order,21-04-2025,21-07-2025,OWNER_001,Mining,Topography Survey: RGB,NONE,22-07-2025,SDPL/FY25-26/363,707388.184,834718.0571,707388.184,834718.0571,763979.732,0,0,70738.32512,,3961.22,3956HA,3956,0,Fully Billed,,September,,Closed,,,
Timon,WOCOMPANY_046,SDPLDEAL-050,Proof of Concept,,Completed,,20-06-2025,Email Confirmation,23-06-2025,10-08-2025,OWNER_001,Renewables,"Videography for construction monitoring, Topography Survey: RGB",NONE,,,1.2332,1.455176,,0,,1.2332,1.455176,0,,,2 location,,2,,,,,Open,,,
Alphonse,WOCOMPANY_009,SDPLDEAL-051,One time Project,,Completed,,17-06-2025,Purchase Order,01-01-2025,20-06-2025,OWNER_005,Renewables,Others,SPECTRA,20-06-2025,SDPL/FY25-26/080,2466400,2910352,2466400,2910352,2910352,0,0,0,,,1,1,0,Fully Billed,,,,Closed,,,
Mr. Krabs,WOCOMPANY_031,SDPLDEAL-053,Monthly Contract,May,Executed until current month,,21-01-2025,Purchase Order,15-05-2025,19-05-2025,OWNER_004,Mining,LiDAR Survey: LiDAR,SPECTRA,20-06-2025,SDPL/FY25-26/083,184980,218276.4,184980,218276.4,,0,0,218276.4,,,7 mines,1,6,Fully Billed,,,,Closed,,,
Mojo Jojo,WOCOMPANY_036,SDPLDEAL-054,One time Project,,Completed,23-01-2025,14-05-2025,Purchase Order,04-06-2025,11-06-2025,OWNER_001,Mining,Topography Survey: RGB,NONE,31-07-2025,SDPL/FY25-26/377,65976.2,77851.916,65967.5676,77841.72977,77841.72977,8.6324,10.186232,0,,,194.52 Ha,,194.52,Fully Billed,,July,,Closed,,,
Asuna,WOCOMPANY_018,SDPLDEAL-055,Monthly Contract,May,Executed until current month,,11-04-2023,Purchase Order,,,OWNER_001,Mining,Videography for construction monitoring,NONE,31-03-2025,SDPL/FY24-25/565,1775808,2095453.44,369960,436552.8,224434.0389,1405848,1658900.64,212118.7611,,,24 Months,,24,Partially Billed,,,,Open,,,
Sakura,WOCOMPANY_002,SDPLDEAL-056,One time Project,,Completed,,28-02-2025,Purchase Order,08-05-2025,,OWNER_008,Mining,Raw images/videography,NONE,,,30830,36379.4,30830,36379.4,,0,0,36379.4,,,73 Ha,,73,Fully Billed,,,,Closed,,,
Asuna,WOCOMPANY_018,SDPLDEAL-057,Monthly Contract,May,Executed until current month,,12-07-2024,Purchase Order,,,OWNER_001,Mining,Videography for construction monitoring,NONE,31-03-2025,SDPL/FY24-25/566,665928,785795.04,110988,130965.84,81392.4332,554940,654829.2,49573.4068,,,18 Months,,18,Partially Billed,,,,Open,,,
Gohan,WOCOMPANY_026,SDPLDEAL-058,One time Project,,Completed,,28-03-2025,Purchase Order,,,OWNER_001,Construction,"Topography Survey: RGB, Hydrology",DMO,18-07-2025,SDPL/FY25-26/358,1514246.28,1786810.61,1514246.28,1786810.61,1635385.982,0,0,151424.628,,,1,1,0,Fully Billed,,August,,Closed,,,
Powerpuff Girls,WOCOMPANY_039,SDPLDEAL-060,Monthly Contract,Dec,Executed until current month,,23-01-2025,Purchase Order,,,OWNER_001,Mining,LiDAR Survey: LiDAR,NONE,16-06-2025,SDPL/FY25-26/412,3877242.46,4575146.103,2684244.78,3167408.84,2141430.836,1192997.68,1407737.262,1025978.005,,,13,7,6,Billed- Visit 7,,,,Open,,,
Rafiki,WOCOMPANY_048,SDPLDEAL-061,Monthly Contract,June,Executed until current month,,29-09-2022,Purchase Order,,,OWNER_003,Mining,"Topography Survey: RGB, Videography for construction monitoring",NONE,,,2757435.2,3253773.536,,0,,2757435.2,3253773.536,0,,,5000 HA,,5000,Fully Billed,,,,Open,,,
Bulbasaur,WOCOMPANY_050,SDPLDEAL-062,Annual Rate Contract,March,Executed until current month,,25-03-2025,Purchase Order,05-02-2025,20-06-2025,OWNER_004,Others,Others,SPECTRA + DMO,,,158699.3858,187265.2752,,0,,158699.3858,187265.2752,0,,,98000 Acres,,98000,,,,,Open,,,
Alias_160,WOCOMPANY_051,SDPLDEAL-063,Annual Rate Contract,May,Executed until current month,,01-04-2025,LOA/LOI,01-04-2025,01-04-2026,OWNER_001,Mining,Mine survey,NONE,,,1.2332,1.455176,,0,,1.2332,1.455176,0,,49.494,NA,,,,,,,Open,,,
Shanks,WOCOMPANY_012,SDPLDEAL-065,One time Project,,Completed,,12-04-2025,Purchase Order,10-04-2025,16-04-2025,OWNER_004,Renewables,"Solar Inspection, Thermography",SPECTRA,24-06-2025,SDPL/FY25-26/088,24664,29103.52,24664,29103.52,2467.6332,0,0,26635.8868,Priority,,40MW,,40,Fully Billed,,,,Closed,,,
Subaru,WOCOMPANY_019,SDPLDEAL-066,One time Project,,Completed,,10-04-2025,Purchase Order,01-05-2025,10-06-2025,OWNER_001,Mining,Topography Survey: RGB,NONE,27-06-2025,SDPL/FY25-26/095,81555.27726,96235.22717,81555.27726,96235.22717,96235.2284,0,0,-0.0012332,,456.137,456.090 HA,456.09,0,Fully Billed,,July,,Closed,,,
Frieza,WOCOMPANY_022,SDPLDEAL-067,One time Project,,Completed,,10-04-2025,Purchase Order,01-05-2025,16-06-2025,OWNER_001,Mining,Topography Survey: RGB,NONE,06-08-2025,SDPL/FY25-26/386,125169.8,147700.364,116542.0245,137519.5889,20977.47192,8627.7755,10180.77509,116542.117,,467.87,700 HA,651.75,48.25,Fully Billed,,July,,Closed,,,
Subaru,WOCOMPANY_019,SDPLDEAL-068,One time Project,,Completed,,10-04-2025,Purchase Order,01-05-2025,16-06-2025,OWNER_001,Mining,Topography Survey: RGB,NONE,21-07-2025,SDPL/FY25-26/361,61690.83,72795.1794,61690.83,72795.1794,72795.796,0,0,-0.6166,,353.851,345 HA,345,0,Fully Billed,,July,,Closed,,,
Subaru,WOCOMPANY_019,SDPLDEAL-069,One time Project,,Completed,,10-04-2025,Purchase Order,01-05-2025,16-06-2025,OWNER_001,Mining,Topography Survey: RGB,NONE,03-11-2025,SDPL/FY25-26/528,144622.2968,170654.3102,144622.2968,170654.3102,,0,0,170654.3102,,918.667,808.790 HA,,808.79,Fully Billed,,November,,Closed,,,
Subaru,WOCOMPANY_019,SDPLDEAL-070,One time Project,,Completed,,10-04-2025,Purchase Order,01-05-2025,17-06-2025,OWNER_001,Mining,Topography Survey: RGB,NONE,28-07-2025,SDPL/FY25-26/375,80098.8064,94516.59155,80098.8064,94516.59155,73807.6366,0,0,20708.95495,,447.929,447.950 HA,447.95,0,Fully Billed,,July,,Closed,,,
Subaru,WOCOMPANY_019,SDPLDEAL-071,One time Project,,Completed,,10-04-2025,Purchase Order,01-05-2025,17-06-2025,OWNER_001,Mining,Topography Survey: RGB,NONE,28-07-2025,SDPL/FY25-26/376,94747.9892,111802.6273,94747.9892,111802.6273,92852.5608,0,0,18950.06646,,529.845,529.870 HA,529.87,0,Fully Billed,,July,,Closed,,,
Subaru,WOCOMPANY_019,SDPLDEAL-072,One time Project,,Completed,,10-04-2025,Purchase Order,01-05-2025,17-06-2025,OWNER_001,Mining,Topography Survey: RGB,NONE,28-07-2025,SDPL/FY25-26/374,234398.0236,276589.6678,234398.0236,276589.6678,,0,0,276589.6678,,1310.802,"1,310.85",1310.85,-1309.85,Fully Billed,,July,,Closed,,,
Tanjiro,WOCOMPANY_051,SDPLDEAL-073,One time Project,,Completed,,28-04-2025,Purchase Order,15-05-2025,15-06-2025,OWNER_001,Mining,Others,NONE,30-06-2025,SDPL/FY25-26/103,321865.2,379800.936,166482,196448.76,196448.76,155383.2,183352.176,0,,,145 pillars,75,70,Fully Billed,,July,,Closed,,,
Frieza,WOCOMPANY_022,SDPLDEAL-074,One time Project,,Completed,,10-04-2025,Purchase Order,01-05-2025,16-06-2025,OWNER_001,Mining,Topography Survey: RGB,NONE,30-06-2025,SDPL/FY25-26/100,188717.7922,222686.9948,188717.7922,222686.9948,222687.5564,0,0,-0.56159928,,1055.386,1100 HA,1055.386,44.614,Fully Billed,,June,,Closed,,,
Yuji Itadori,WOCOMPANY_006,SDPLDEAL-076,One time Project,,Completed,,01-04-2025,Purchase Order,05-04-2025,11-04-2025,OWNER_003,Renewables,"Hydrology, Topography Survey: RGB",NONE,,,431620,509311.6,431620,509311.6,509311.6,0,0,0,,,222 HA,,222,,,,,,,,BIlled
Winnie the Pooh,WOCOMPANY_042,SDPLDEAL-077,Proof of Concept,,Completed,,18-04-2025,Email Confirmation,30-04-2025,30-04-2025,OWNER_003,Mining,"Volumetric survey, Others",NONE,,,0,0,,0,,0,0,0,,,152 HA,,152,,,,,,,,Not Billable
Alias_162,WOCOMPANY_052,SDPLDEAL-078,Proof of Concept,,Completed,,06-06-2025,Email Confirmation,13-06-2025,13-06-2025,OWNER_003,Mining,Volumetric survey,NONE,,,0,0,,0,,0,0,0,,,NA,,,,,,,,,,Not Billable
Trunks,WOCOMPANY_015,SDPLDEAL-079,Proof of Concept,,Completed,,01-07-2025,Email Confirmation,23-04-2025,23-04-2025,OWNER_003,Railways,Road/rail survey,NONE,,,554940,654829.2,,0,,554940,654829.2,0,,,NA,,,,,,,,,,Not Billable
Tuxedo Mask,WOCOMPANY_052,SDPLDEAL-080,Annual Rate Contract,Dec,Executed until current month,,01-04-2025,Purchase Order,01-04-2025,31-03-2028,OWNER_003,Mining,"Topography Survey: RGB, Volumetric survey",NONE,03-07-2025,SDPL/FY25-26/118,2959680,3492422.4,493282.4664,582073.3104,,2466397.534,2910349.09,582073.3104,Priority,,36 AU,3,33,Billed- Visit 3,,,,Open,,,
Timon,WOCOMPANY_046,SDPLDEAL-081,Proof of Concept,,Completed,,27-06-2025,Purchase Order,01-07-2025,17-08-2025,OWNER_001,Renewables,"Topography Survey: RGB, Raw images/videography",SPECTRA,03-11-2025,,277470,327414.6,277470,327414.6,,0,0,327414.6,,,45days,,45,Fully Billed,,Dec,,Closed,,,
Timon,WOCOMPANY_046,SDPLDEAL-082,Proof of Concept,,Pause / struck,,19-06-2025,Purchase Order,01-07-2025,17-08-2025,OWNER_001,Renewables,"Topography Survey: RGB, Raw images/videography, Others",SPECTRA,03-11-2025,,277470,327414.6,277470,327414.6,,0,0,327414.6,,,45 days,,45,Fully Billed,,,,Closed,,,
Subaru,WOCOMPANY_019,SDPLDEAL-083,One time Project,,Completed,,10-04-2025,Purchase Order,01-05-2025,25-06-2025,OWNER_001,Mining,Topography Survey: RGB,NONE,02-07-2025,SDPL/FY25-26/114,143051.2,168800.416,130176.592,153608.3786,26035.3184,12874.608,15192.03744,127573.0602,,726.976,800,,800,Fully Billed,,July,,Closed,,,
Tuxedo Mask,WOCOMPANY_041,SDPLDEAL-084,One time Project,,Completed,,21-06-2025,Purchase Order,01-07-2025,10-07-2025,OWNER_003,Renewables,Others,NONE,04-07-2025,SDPL/FY25-26/120,215810,254655.8,215810,254655.8,,0,0,254655.8,Priority,,1,1,0,Fully Billed,,,,Closed,,,
Luffy,WOCOMPANY_032,SDPLDEAL-085,One time Project,,Completed,,21-06-2025,LOA/LOI,01-06-2025,30-06-2025,OWNER_003,Renewables,Thermography,NONE,,,#VALUE!,0,,0,,0,0,0,,,1,,1,,,,,Open,,,Update Required
Alias_162,WOCOMPANY_052,SDPLDEAL-086,Annual Rate Contract,,Completed,,22-07-2024,Purchase Order,30-07-2024,30-07-2025,OWNER_001,Mining,Volumetric survey,NONE,,,710616.2083,838527.1258,710616.2083,838527.1258,767463.522,0,0,71063.60382,Priority,,8 units,,8,Fully Billed,,,,Closed,,,
Alias_162,WOCOMPANY_052,SDPLDEAL-087,Annual Rate Contract,Dec,Executed until current month,,08-08-2025,Purchase Order,01-04-2025,31-03-2026,OWNER_001,Mining,Volumetric survey,NONE,09-12-2025,SDPL/FY25-26/572,1065928.752,1257795.927,838526.672,989461.473,618232.7568,227402.08,268334.4544,371228.7162,,,12 months,,12,Fully Billed,,,,,,,
Mojo Jojo,WOCOMPANY_036,SDPLDEAL-088,One time Project,,Completed,,26-04-2025,Purchase Order,28-04-2025,15-08-2025,OWNER_001,Mining,Topography Survey: RGB,SPECTRA,03-09-2025,SDPL/FY25-26/419,154150,181897,154150,181897,166482,0,0,15415,,,200 Acres,,200,Fully Billed,,September,,Closed,,,
Obito,WOCOMPANY_023,SDPLDEAL-089,Annual Rate Contract,,Completed,,09-07-2025,LOA/LOI,21-06-2025,20-06-2026,OWNER_003,Mining,Others,NONE,,,0,0,,0,,0,0,0,,,1,,1,,,,,,,,Not Billable
Mojo Jojo,WOCOMPANY_036,SDPLDEAL-090,One time Project,,Completed,,15-04-2025,Purchase Order,12-05-2025,20-06-2025,OWNER_001,Mining,Topography Survey: RGB,SPECTRA,06-08-2025,SDPL/FY25-26/387,223971.3176,264286.1548,223971.3176,264286.1548,264287.092,0,0,-0.937232,,609.44,660.43HA,660.43,0,Fully Billed,,August,,Closed,,,
Rafiki,WOCOMPANY_048,SDPLDEAL-091,Proof of Concept,,Completed,,08-07-2025,Email Confirmation,11-06-2025,19-06-2025,OWNER_003,Mining,Thermography,NONE,,,0,0,,0,,0,0,0,,,3 Rooftops,,3,,,,,,,,Not Billable
Alias_160,WOCOMPANY_051,SDPLDEAL-092,One time Project,,Completed,,10-04-2025,Purchase Order,01-05-2025,25-06-2025,OWNER_001,Mining,Topography Survey: RGB,NONE,06-08-2025,SDPL/FY25-26/390,357628,422001.04,321686.386,379589.9355,347420.6186,35941.614,42411.10452,32169.31686,,2173.17,2000,,2000,Fully Billed,,August,,Closed,,,
Obito,WOCOMPANY_023,SDPLDEAL-093,One time Project,,Completed,,15-07-2025,LOA/LOI,21-07-2025,25-07-2025,OWNER_003,Mining,Others,NONE,,,76458.4,90220.912,,0,,76458.4,90220.912,0,,,1,,1,,,,,,,,Update Required
GG go,WOCOMPANY_035,SDPLDEAL-094,One time Project,,Completed,,10-07-2025,Purchase Order,15-07-2025,31-07-2025,OWNER_003,Renewables,Hydrology,NONE,,,749785.6,884747.008,,0,,749785.6,884747.008,0,,,1415 Acres,,1415,,,,,,,,Update Required
Subaru,WOCOMPANY_019,SDPLDEAL-095,One time Project,,Completed,,17-07-2025,Purchase Order,01-05-2025,30-05-2025,OWNER_001,Mining,Topography Survey: RGB,NONE,28-07-2025,SDPL/FY25-26/373,155665.6028,183685.4113,155665.6028,183685.4113,3115.0632,0,0,180570.3481,,813.635,870.45 HA,,870.45,Fully Billed,,July,,Closed,,,
Alphonse,WOCOMPANY_009,SDPLDEAL-096,One time Project,,Completed,,16-07-2025,Purchase Order,14-07-2025,28-07-2025,OWNER_001,Renewables,Topography Survey: RGB,NONE,20-08-2025,SDPL/FY25-26/413,986560,1164140.8,986560,1164140.8,,0,0,1164140.8,,,4 Sites,,4,Fully Billed,,September,,Closed,,,
Alias_160,WOCOMPANY_051,SDPLDEAL-097,One time Project,,Completed,,10-04-2025,,01-05-2025,31-05-2025,OWNER_001,Mining,Topography Survey: RGB,SPECTRA,25-07-2025,SDPL/FY25-26/370,84190.564,99344.86552,79060.452,93291.33336,85383.90698,5130.112,6053.53216,7907.426384,,442.14,446 HA,,446,Fully Billed,,July,,Closed,,,
Erwin,WOCOMPANY_021,SDPLDEAL-098,One time Project,,Completed,,22-05-2025,Purchase Order,26-05-2025,25-06-2025,OWNER_001,Mining,Topography Survey: RGB,SPECTRA,20-08-2025,SDPL/FY25-26/405,319811.922,377378.068,319811.922,377378.068,,0,0,377378.068,,,960.5 HA,,960.5,Fully Billed,,August,,Closed,,,
Goku,WOCOMPANY_003,SDPLDEAL-099,One time Project,,Ongoing,,23-07-2025,Purchase Order,28-07-2025,30-09-2025,OWNER_003,Railways,"LiDAR Survey: LiDAR, Road/rail survey",NONE,01-09-2025,SDPL/FY25-26/424,14391444,16981903.92,246640,291035.2,291035.2,14144804,16690868.72,0,,,778,,778,,,,,,,,Partially Billed
Erwin,WOCOMPANY_021,SDPLDEAL-100,Annual Rate Contract,,Completed,,28-05-2025,Purchase Order,01-07-2025,15-07-2025,OWNER_001,Mining,Volumetric survey,SPECTRA,20-08-2025,SDPL/FY25-26/406,791874.716,934412.1649,594265.4161,701233.191,,197609.2999,233178.9738,701233.191,,,2379.7 HA,,2379.7,Fully Billed,,Dec,,Open,,,
Nami,WOCOMPANY_002,SDPLDEAL-102,One time Project,,Completed,,02-08-2025,Purchase Order,04-08-2025,09-08-2025,OWNER_003,Mining,Raw images/videography,NONE,,,64373.04,75960.1872,,0,,64373.04,75960.1872,0,,,1,,1,,,,,,,,Update Required
Ben Tennyson,WOCOMPANY_033,SDPLDEAL-103,One time Project,,Completed,,01-08-2025,Purchase Order,01-07-2025,31-07-2025,OWNER_003,Renewables,"Hydrology, Topography Survey: RGB",NONE,,,487114,574794.52,,0,,487114,574794.52,0,,,1,,1,,,,,,,,Update Required
Subaru,WOCOMPANY_019,SDPLDEAL-105,One time Project,,Completed,,06-08-2025,Purchase Order,01-05-2025,29-05-2025,OWNER_001,Mining,Topography Survey: RGB,SPECTRA,06-08-2025,06-08-2025,20563.61,24265.0598,20251.6104,23896.90027,23896.9496,311.9996,368.159528,-0.049328,,,115HA,,115,Fully Billed,,August,,Closed,,,
Yuji Itadori,WOCOMPANY_006,SDPLDEAL-106,One time Project,,Completed,,08-08-2025,Purchase Order,08-08-2025,20-08-2025,OWNER_003,Renewables,"Hydrology, Topography Survey: RGB",NONE,12-09-2025,SDPL/FY25-26/442,339130,400173.4,339130,400173.4,400173.4,0,0,0,,,1,,1,Fully Billed,,,,,,,
Alphonse,WOCOMPANY_009,SDPLDEAL-108,One time Project,,Completed,,18-08-2025,Purchase Order,14-08-2025,30-08-2025,OWNER_001,Renewables,"Topography Survey: RGB, Hydrology",SPECTRA,24-09-2025,SDPL/FY25-26/476,477247.7957,563152.399,477247.7957,563152.399,563151.8788,0,0,0.52016376,,,537 Acres,,537,Fully Billed,,November,,Closed,,,
Rafiki,WOCOMPANY_048,SDPLDEAL-109,Annual Rate Contract,,Ongoing,,11-08-2025,Purchase Order,01-09-2025,31-08-2027,OWNER_003,Renewables,"Topography Survey: RGB, Thermography",NONE,,,616600,727588,,0,,616600,727588,0,,,1,,1,,,,,,,,Update Required
Alias_162,WOCOMPANY_052,SDPLDEAL-111,,,,,22-11-2024,,,,,Mining,Others,DMO,,,863240,1018623.2,739920,873105.6,864473.2,123320,145517.6,8632.4,,,,,,,,,,,,,
Ben Tennyson,WOCOMPANY_034,SDPLDEAL-112,,,Completed,,16-05-2024,,,,,Renewables,"Topography Survey: RGB, Hydrology",,,,215810,254655.8,215810,254655.8,254655.8,0,0,0,,,,,,,,,,,,,
Alphonse,WOCOMPANY_009,SDPLDEAL-113,,,,,20-12-2024,,,,OWNER_001,Renewables,"Topography Survey: RGB, Hydrology",,,,607351,716674.18,607351,716674.18,716674.18,0,0,0,,,,,,,,,,,,,
Yuji Itadori,WOCOMPANY_006,SDPLDEAL-115,,,Completed,,24-03-2025,,,,,Renewables,Hydrology,,,,616600,727588,616600,727588,727588,0,0,0,,,,,,Fully Billed,,,,,,,
Ace,WOCOMPANY_013,SDPLDEAL-116,,,Completed,,05-03-2025,,,,,Others,Topography Survey: RGB,,,,176347.6,208090.168,176347.6,208090.168,,0,0,208090.168,,,,,,Fully Billed,,,,,,,
Shanks,WOCOMPANY_012,SDPLDEAL-117,,,Completed,,31-03-2025,,,,,Renewables,Thermography,,,,221636.87,261531.5066,221636.87,261531.5066,,0,0,261531.5066,,,,,,Fully Billed,,,,,,,
Bulbasaur,WOCOMPANY_050,SDPLDEAL-118,,,Completed,,25-03-2025,,,,,Renewables,Topography Survey: RGB,,,,308300,363794,308300,363794,,0,0,363794,,,,,,Fully Billed,,,,,,,
Sesshomaru,WOCOMPANY_017,SDPLDEAL-119,,,Completed,,03-12-2024,,,,,Renewables,"Hydrology, Topography Survey: RGB",,16-04-2025,SDPL/FY25-26/002,446418.4,526773.712,446418.4,526773.712,526773.712,0,0,0,,,,,,Fully Billed,,,,Closed,,,
Mr. Krabs,WOCOMPANY_031,SDPLDEAL-120,,,Completed,,21-01-2025,,,,,Mining,Volumetric survey,,20-06-2025,SDPL/FY25-26/083,554940,654829.2,554940,654829.2,588236.4,0,0,66592.8,,,,,,Fully Billed,,,,Closed,,,
Pumbaa,WOCOMPANY_047,SDPLDEAL-121,Annual Rate Contract,,Ongoing,,02-09-2025,LOA/LOI,02-09-2025,02-09-2026,OWNER_004,Renewables,Thermography,SPECTRA,,,5224698.44,6165144.159,2330748,2750282.64,,2893950.44,3414861.519,2750282.64,,,Rate based on MW slabs,,,Partially Billed,,,,Open,,,Partially Billed
Stitch,WOCOMPANY_044,SDPLDEAL-122,,,Completed,,01-04-2025,,,,,Renewables,Flood Risk,,29-04-2025,SDPL/FY25-26/009,431620,509311.6,431620,509311.6,509311.6,0,0,0,,,,,,Fully Billed,,,,Closed,,,
Sasuke,WOCOMPANY_002,SDPLDEAL-123,,,Completed,,25-12-2024,,,,,Mining,LiDAR Survey: LiDAR,,,,371193.2,438007.976,371193.2,438007.976,,0,0,438007.976,,,,,,Fully Billed,,,,Closed,,,
Alphonse,WOCOMPANY_009,SDPLDEAL-124,,,,,24-07-2025,,,,,Renewables,Others,,31-07-2025,SDPL/FY25-26/378,24664,29103.52,24664,29103.52,,0,0,29103.52,,,,,,Fully Billed,,,,Closed,,,
Timon,WOCOMPANY_046,SDPLDEAL-125,Proof of Concept,,Completed,,08-09-2025,Purchase Order,11-09-2025,26-10-2025,OWNER_001,Renewables,Others,SPECTRA,,,277470,327414.6,277470,327414.6,,0,0,327414.6,,,45days,,45,Fully Billed,,Dec,,,,,
Gohan,WOCOMPANY_026,SDPLDEAL-126,One time Project,,Completed,,10-09-2025,Purchase Order,01-08-2025,05-09-2025,OWNER_001,Construction,Topography Survey: RGB,NONE,15-09-2025,SDPL/FY25-26/448,788298.436,930192.1545,788298.436,930192.1545,914425.1992,0,0,15766.95528,,,1,,1,Fully Billed,,October,,Closed,,,
Kaguya,WOCOMPANY_014,SDPLDEAL-127,One time Project,,Completed,,12-09-2025,Purchase Order,15-09-2025,31-10-2025,OWNER_003,Railways,Others,NONE,,,5061052.8,5972042.304,,0,,5061052.8,5972042.304,0,,,304 RKM,,304,,,,,,,,
Bugs Bunny,WOCOMPANY_028,SDPLDEAL-128,One time Project,,Ongoing,,12-09-2025,Purchase Order,15-09-2025,31-10-2025,OWNER_003,Railways,Others,NONE,,,8789158.711,10371207.28,,0,,8789158.711,10371207.28,0,,,580 RKM,,580,,,,,,,,
Armin,WOCOMPANY_020,SDPLDEAL-129,Annual Rate Contract,,Completed,20-09-2025,10-09-2025,Purchase Order,24-07-2025,31-12-2025,OWNER_001,Mining,Topography Survey: RGB,SPECTRA,,,218478.6448,257804.8009,145653.4986,171871.1284,,72825.14616,85933.67247,171871.1284,,,3 Quarter (Till Dec),,3,Fully Billed,,October,,Closed,,,
Armin,WOCOMPANY_020,SDPLDEAL-130,Annual Rate Contract,,Completed,20-09-2025,11-09-2025,Purchase Order,24-07-2025,31-12-2025,OWNER_001,Mining,Topography Survey: RGB,SPECTRA,,,484453.9876,571655.7054,322971.0351,381105.8214,,161482.9525,190549.8839,381105.8214,,,3 Quarter (till December 2025),,3,Fully Billed,,Dec,,Closed,,,
Sakura,WOCOMPANY_002,SDPLDEAL-131,One time Project,,Pause / struck,,17-09-2025,Purchase Order,15-09-2025,15-10-2025,OWNER_003,Mining,LiDAR Survey: LiDAR,NONE,,,1224740.248,1445193.493,,0,,1224740.248,1445193.493,0,,,1,,1,,,,,,,,Stuck
Sakura,WOCOMPANY_002,SDPLDEAL-132,One time Project,,Pause / struck,,17-09-2025,Purchase Order,15-09-2025,15-10-2025,OWNER_003,Mining,LiDAR Survey: LiDAR,NONE,,,1219634.8,1439169.064,,0,,1219634.8,1439169.064,0,,,1,,1,,,,,,,,Stuck
Gojo,WOCOMPANY_005,SDPLDEAL-134,One time Project,,Completed,,20-09-2025,Purchase Order,27-09-2025,15-10-2025,OWNER_001,Mining,"Topography Survey: RGB, Mine survey",NONE,,SDPL/FY25-26/558,192009.24,226570.9032,58823.64,69411.8952,,133185.6,157159.008,69411.8952,,,865,,865,Partially Billed,,,,Open,,,
Faye Valentine,WOCOMPANY_010,SDPLDEAL-133,One time Project,,Completed,,19-07-2024,Purchase Order,11-09-2025,19-09-2025,OWNER_003,Renewables,Solar Inspection,NONE,,,57487090.49,67834766.78,57487090.49,67834766.78,57487090.49,0,0,10347676.29,,,NA,,,Fully Billed,,,,,,,BIlled
Alias_160,WOCOMPANY_051,SDPLDEAL-135,One time Project,,Completed,,25-07-2025,Purchase Order,01-05-2025,27-05-2025,OWNER_001,Mining,"Mine survey, Topography Survey: RGB",SPECTRA,07-10-2025,SDPL/FY25-26/484,89407,105500.26,89407,105500.26,104886.6197,0,0,613.64032,,,500,,500,Fully Billed,,October,,Closed,,,
Scooby-Doo,WOCOMPANY_002,SDPLDEAL-136,One time Project,,Ongoing,,27-09-2025,Purchase Order,29-09-2025,10-10-2025,OWNER_003,Mining,Others,NONE,,,143051.2,168800.416,,0,,143051.2,168800.416,0,,,1,,1,,,,,,,,
Scooby-Doo,WOCOMPANY_002,SDPLDEAL-137,One time Project,,Ongoing,,27-09-2025,Purchase Order,29-09-2025,30-10-2025,OWNER_003,Mining,Others,NONE,,,143051.2,168800.416,,0,,143051.2,168800.416,0,,,1,,1,,,,,,,,
Alias_160,WOCOMPANY_051,SDPLDEAL-138,One time Project,,Pause / struck,,19-09-2025,Purchase Order,06-10-2025,30-10-2025,OWNER_001,Mining,Topography Survey: RGB,SPECTRA,,,261901.7132,309044.0216,,0,,261901.7132,309044.0216,0,,,1464.66 HA,,1464.66,Not billed yet,,,,,,,
Scooby-Doo,WOCOMPANY_002,SDPLDEAL-139,One time Project,,Ongoing,,03-10-2025,Purchase Order,20-09-2025,20-10-2025,OWNER_003,Mining,LiDAR Survey: LiDAR,NONE,,,699730.012,825681.4142,,0,,699730.012,825681.4142,0,,,1,,1,,,,,,,,
Trunks,WOCOMPANY_015,SDPLDEAL-140,One time Project,,Ongoing,,08-10-2025,Purchase Order,29-09-2025,31-10-2025,OWNER_003,Railways,LiDAR Survey: LiDAR,NONE,,,3237150,3819837,,0,,3237150,3819837,0,,,350 KM,,350,,,,,,,,
Scooby-Doo,WOCOMPANY_002,SDPLDEAL-141,One time Project,,Not Started,,09-10-2025,Purchase Order,30-09-2025,30-10-2025,OWNER_003,Mining,LiDAR Survey: LiDAR,NONE,,,383192.236,452166.8385,,0,,383192.236,452166.8385,0,,,1,,1,,,,,,,,
Inuyasha,WOCOMPANY_016,SDPLDEAL-142,One time Project,,Completed,08-01-2026,14-10-2025,Purchase Order,17-10-2025,10-11-2025,OWNER_003,Renewables,"Topography Survey: RGB, Hydrology, Flood Risk",NONE,,,419288,494759.84,,0,,419288,494759.84,0,,,1,,1,Stuck,,,,,,,
Patrick Star,WOCOMPANY_030,SDPLDEAL-143,One time Project,,Completed,05-11-2025,16-10-2025,Purchase Order,08-10-2025,16-10-2025,OWNER_001,Others,Hydrology,NONE,,,246640,291035.2,246640,291035.2,,0,0,291035.2,,,10 ha,,10,Fully Billed,,Dec,,,,,
Kaguya,WOCOMPANY_014,SDPLDEAL-144,One time Project,,Ongoing,,27-10-2025,Purchase Order,03-11-2025,01-12-2025,OWNER_003,Railways,"Road/rail survey, LiDAR Survey: LiDAR",NONE,,,4628199.6,5461275.528,,0,,4628199.6,5461275.528,0,,,278,,278,,,,,,,,
Sakura,WOCOMPANY_002,SDPLDEAL-145,One time Project,,Not Started,,27-10-2025,Purchase Order,27-10-2025,03-11-2025,OWNER_003,Mining,Raw images/videography,NONE,,,64373.04,75960.1872,,0,,64373.04,75960.1872,0,,,1,,1,,,,,,,,
Scooby-Doo,WOCOMPANY_002,SDPLDEAL-146,One time Project,,Ongoing,,27-10-2025,Purchase Order,27-10-2025,03-11-2025,OWNER_003,Mining,"LiDAR Survey: LiDAR, Mine survey",NONE,,,679308.22,801583.6996,,0,,679308.22,801583.6996,0,,,1,,1,,,,,,,,
Katara,WOCOMPANY_037,SDPLDEAL-147,One time Project,,Partial Completed,18-12-2025,28-10-2025,Purchase Order,03-11-2025,11-11-2025,OWNER_003,Railways,"LiDAR Survey: LiDAR, Road/rail survey, Others",NONE,,,1850391.936,2183462.484,,0,,1850391.936,2183462.484,0,,,NA . Verbal confirmation for 59 km,,,,,,,,,,Stuck
Sakura,WOCOMPANY_002,SDPLDEAL-149,Monthly Contract,,Ongoing,,30-10-2025,Purchase Order,01-11-2025,01-04-2026,OWNER_003,Renewables,Others,SPECTRA,,,6011850,7093983,,0,,6011850,7093983,0,,,"48,75,000.00",,4,,,,,,,,
Dolphin,WOCOMPANY_029,SDPLDEAL-150,One time Project,,Ongoing,,12-08-2025,LOA/LOI,20-08-2025,16-12-2025,OWNER_002,Powerline,LiDAR Survey: LiDAR,NONE,,,5026523.2,5931297.376,,0,,5026523.2,5931297.376,0,,,1250 towers,,1250,,,,,,,,
Yuji Itadori,WOCOMPANY_006,SDPLDEAL-151,One time Project,,Completed,17-12-2025,06-11-2025,Purchase Order,10-11-2025,01-12-2025,OWNER_003,Renewables,"Hydrology, Topography Survey: RGB",NONE,,SDPL/FY25-26/442,339130,400173.4,339130,400173.4,400173.4,0,0,0,,,1,,1,,,,,,,,Update Required
Ben Tennyson,WOCOMPANY_033,SDPLDEAL-152,One time Project,,Completed,09-01-2026,04-11-2025,Email Confirmation,07-11-2025,28-11-2025,OWNER_003,Renewables,"Topography Survey: RGB, Hydrology",NONE,,,295968,349242.24,,0,,295968,349242.24,0,,,1,,1,,,,,,,,Update Required
Megumi,WOCOMPANY_007,SDPLDEAL-153,One time Project,,Completed,,01-04-2025,Purchase Order,01-04-2025,10-04-2025,OWNER_003,Renewables,Others,NONE,31-03-2025,SDPL/FY24-25/577,365779.452,431619.7534,365779.452,431619.7534,431620,0,0,-0.24664,,,1,,1,Fully Billed,,,,Closed,,,
Donkey,WOCOMPANY_040,SDPLDEAL-154,One time Project,,Ongoing,,10-11-2025,Purchase Order,13-11-2025,31-12-2025,OWNER_003,Railways,"LiDAR Survey: LiDAR, Road/rail survey, Raw images/videography",NONE,,,1346654.4,1589052.192,,0,,1346654.4,1589052.192,0,,,104 km,,104,,,,,,,,
Donkey,WOCOMPANY_040,SDPLDEAL-155,One time Project,,Ongoing,,12-11-2025,Purchase Order,13-11-2025,31-01-2026,OWNER_003,Railways,"LiDAR Survey: LiDAR, Road/rail survey",NONE,,,9089917.2,10726102.3,,0,,9089917.2,10726102.3,0,,,702,,702,,,,,,,,
Golden fish,WOCOMPANY_027,SDPLDEAL-156,Proof of Concept,,Not Started,,16-10-2025,LOA/LOI,01-12-2025,31-12-2025,OWNER_006,Mining,"LiDAR Survey: LiDAR, Volumetric survey",SPECTRA,,,0,0,,0,,0,0,0,,,0,,0,,,,,Open,,,Not Billable
Alphonse,WOCOMPANY_009,SDPLDEAL-157,One time Project,,,,14-11-2025,Purchase Order,14-11-2025,14-11-2025,OWNER_005,Renewables,Others,SPECTRA,19-11-2025,SDPL/FY25-26/549,277470,327414.6,277470,327414.6,321865.2,0,0,5549.4,,,3 subscriptions,,3,Partially Billed,,,,,,,
Alphonse,WOCOMPANY_009,SDPLDEAL-158,One time Project,,Completed,01-11-2025,23-10-2025,Purchase Order,16-10-2025,31-10-2025,OWNER_001,Renewables,"Hydrology, Topography Survey: RGB",NONE,21-11-2025,SDPL/FY25-26/554,477248.4,563153.112,477248.4,563153.112,515428.272,0,0,47724.84,,,220HA,,220,Fully Billed,,November,,Closed,,,
Timon,WOCOMPANY_046,SDPLDEAL-159,One time Project,,Completed,05-12-2025,08-11-2025,Purchase Order,03-11-2025,20-12-2025,OWNER_001,Renewables,Others,SPECTRA,,,277470,327414.6,277470,327414.6,,0,0,327414.6,,,45days,,45,Fully Billed,,Dec,,,,,
Timon,WOCOMPANY_046,SDPLDEAL-160,One time Project,,Completed,04-12-2025,08-11-2025,Purchase Order,03-11-2025,20-12-2025,OWNER_001,Renewables,"Powerline Inspection, Videography for construction monitoring, Others",SPECTRA,,,277470,327414.6,277470,327414.6,,0,0,327414.6,,,45 days,,45,Not billed yet,,,,,,,
Scooby-Doo,WOCOMPANY_002,SDPLDEAL-161,One time Project,,Completed,08-01-2026,21-11-2025,Purchase Order,20-11-2025,30-11-2025,OWNER_003,Mining,LiDAR Survey: LiDAR,NONE,,,304452.416,359253.8509,,0,,304452.416,359253.8509,0,,,1,,1,,,,,,,,Update Required
Whis,WOCOMPANY_025,SDPLDEAL-162,One time Project,,Partial Completed,09-01-2026,01-12-2025,Purchase Order,01-12-2025,31-12-2025,OWNER_003,Railways,LiDAR Survey: LiDAR,NONE,,,924900,1091382,,0,,924900,1091382,0,,,1,,1,,,,,,,,
Rengoku,WOCOMPANY_002,SDPLDEAL-163,One time Project,,Not Started,,01-12-2025,Purchase Order,01-12-2025,31-12-2025,OWNER_003,Mining,"Topography Survey: RGB, LiDAR Survey: LiDAR",NONE,,,141818,167345.24,,0,,141818,167345.24,0,,,1,,1,,,,,,,,
Alphonse,WOCOMPANY_009,SDPLDEAL-164,One time Project,,Completed,28-11-2025,27-11-2025,Purchase Order,27-11-2025,23-12-2025,OWNER_001,Renewables,Topography Survey: RGB,SPECTRA,19-12-2025,SDPL/FY25-26/894,511777.963,603897.9963,511778.0123,603898.0546,552719.0068,-0.049328,-0.05820704,51179.04775,,,497Acres,,497,Fully Billed,,November,,Closed,,,
Alphonse,WOCOMPANY_009,SDPLDEAL-165,One time Project,,Completed,19-12-2025,28-11-2025,Purchase Order,25-11-2025,25-12-2025,OWNER_001,Renewables,"Topography Survey: RGB, Hydrology",SPECTRA,,,709081.3676,836716.0138,,0,,709081.3676,836716.0138,0,,,415Acers,,415,Fully Billed,,November,,,,,
Alphonse,WOCOMPANY_009,SDPLDEAL-166,One time Project,,Completed,07-11-2025,28-11-2025,Purchase Order,13-11-2025,03-12-2025,OWNER_001,Renewables,"Topography Survey: RGB, Hydrology",SPECTRA,,SDPL/FY25-26/900,487112.7668,574793.0648,487116.0224,574796.9065,,-3.255648,-3.84166464,574796.9065,,,230Acres,,230,Fully Billed,,November,,,,,
Obito,WOCOMPANY_023,SDPLDEAL-167,One time Project,,Completed,06-01-2026,05-12-2025,Purchase Order,11-12-2025,31-12-2025,OWNER_003,Mining,Mine survey,NONE,,,1.2332,1.455176,,0,,1.2332,1.455176,0,,,40 Acres,,40,,,,,,,,Update Required
Stewie Griffin,WOCOMPANY_029,SDPLDEAL-168,One time Project,,Ongoing,,17-12-2025,Purchase Order,22-12-2025,16-01-2026,OWNER_002,Powerline,Thermography,NONE,,,608584.2,718129.356,,0,,608584.2,718129.356,0,,,105 Towers,,105,,,,,,,,
Scooby-Doo,WOCOMPANY_002,SDPLDEAL-169,One time Project,,Not Started,,13-12-2025,Purchase Order,13-12-2025,31-01-2026,OWNER_003,Mining,LiDAR Survey: LiDAR,NONE,,,680726.4,803257.152,,0,,680726.4,803257.152,0,,,1,,1,,,,,,,,
Sesshomaru,WOCOMPANY_017,SDPLDEAL-170,One time Project,,Completed,06-01-2026,20-12-2025,Purchase Order,16-12-2025,31-01-2026,OWNER_003,Renewables,Hydrology,NONE,,,308300,363794,,0,,308300,363794,0,,,1,,1,,,,,,,,Update Required
Erwin,WOCOMPANY_021,SDPLDEAL-171,One time Project,,Ongoing,,17-12-2025,Purchase Order,22-12-2025,31-12-2025,OWNER_001,Mining,"Topography Survey: RGB, Raw images/videography",NONE,,,425454,502035.72,,0,,425454,502035.72,0,,,10.5 KM,,10.5,Not billed yet,,,,,,,
Alias_160,WOCOMPANY_051,SDPLDEAL-172,One time Project,,Completed,23-12-2025,12-12-2025,Purchase Order,20-12-2025,31-12-2025,OWNER_001,Mining,Topography Survey: RGB,SPECTRA,,,53644.2,63300.156,,0,,53644.2,63300.156,0,,,300 HA,,300,Not billed yet,,,,,,,
Alias_160,WOCOMPANY_051,SDPLDEAL-173,One time Project,,Completed,23-12-2025,12-12-2025,Purchase Order,20-12-2025,31-12-2025,OWNER_001,Mining,Topography Survey: RGB,SPECTRA,,,51852.3604,61185.78527,,0,,51852.3604,61185.78527,0,,,290,,290,Not billed yet,,,,,,,
Octopus,WOCOMPANY_002,SDPLDEAL-174,One time Project,,Ongoing,,20-12-2025,Purchase Order,20-12-2025,31-01-2026,OWNER_003,Mining,Others,NONE,,,43162,50931.16,,0,,43162,50931.16,0,,,1,,1,,,,,,,,
Ben Tennyson,WOCOMPANY_033,SDPLDEAL-175,One time Project,,Ongoing,,22-12-2025,Email Confirmation,25-12-2025,15-01-2026,OWNER_003,Renewables,"Hydrology, Topography Survey: RGB",NONE,,,289802,341966.36,,0,,289802,341966.36,0,,,1,,1,,,,,,,,
Ben Tennyson,WOCOMPANY_033,SDPLDEAL-176,One time Project,,Ongoing,,22-12-2025,Email Confirmation,25-12-2025,15-01-2026,OWNER_003,Renewables,"Hydrology, Topography Survey: RGB",NONE,,,289802,341966.36,,0,,289802,341966.36,0,,,1,,1,,,,,,,,
Alphonse,WOCOMPANY_009,SDPLDEAL-177,Monthly Contract,,Not Started,,16-12-2025,Purchase Order,01-11-2025,31-03-2026,OWNER_005,Renewables,Surveillance- needs continues monitoring,SPECTRA + DMO,,,462450,545691,184980,218276.4,213910.872,277470,327414.6,4365.528,,,5,,5,,,,,,,,
Whale,WOCOMPANY_004,SDPLDEAL-178,Proof of Concept,,Completed,,,,,,OWNER_002,Powerline,"Thermography, LiDAR Survey: LiDAR, Powerline Inspection",SPECTRA,,,0,0,,0,,0,0,0,,,2 towers,,2,,,,,,,,
Squirtle,WOCOMPANY_049,SDPLDEAL-179,Proof of Concept,,Ongoing,,24-12-2025,Purchase Order,24-12-2025,31-12-2025,OWNER_002,Powerline,Powerline Inspection,SPECTRA,,,55494,65482.92,,0,,55494,65482.92,0,,,L/s,,,,,,,,,,
Ben Tennyson,WOCOMPANY_033,SDPLDEAL-180,One time Project,,Ongoing,,29-12-2025,Email Confirmation,31-12-2025,31-01-2026,OWNER_003,Renewables,"Topography Survey: RGB, Hydrology",NONE,,,295968,349242.24,,0,,295968,349242.24,0,,,1,,1,,,,,,,,
Turtle,WOCOMPANY_024,SDPLDEAL-181,Proof of Concept,,Details pending from Client,,01-01-2026,Purchase Order,12-01-2026,12-02-2026,OWNER_004,Mining,Mine survey,SPECTRA,,,184980,218276.4,,0,,184980,218276.4,0,,,150000,,150000,,,,,Open,,,
Bugs Bunny,WOCOMPANY_028,SDPLDEAL-182,One time Project,,Not Started,,12-01-2026,Email Confirmation,09-01-2026,31-03-2026,OWNER_003,Railways,LiDAR Survey: LiDAR,NONE,,,8986062.029,10603553.19,,0,,8986062.029,10603553.19,0,,,593,,593,,,,,,,,
Bulbasaur,WOCOMPANY_050,SDPLDEAL-185,One time Project,,Not Started,,09-01-2026,Email Confirmation,12-01-2026,16-01-2026,OWNER_004,Others,Others,SPECTRA,,,139072.8968,164106.0182,164106.0182,193645.1015,69560.56979,-25033.12142,-29539.08328,124084.5317,Priority,,7000 images,,7000,,,,,,,,
Timon,WOCOMPANY_046,SDPLDEAL-186,One time Project,,Ongoing,,06-01-2026,Purchase Order,13-01-2026,30-01-2026,OWNER_001,Renewables,Others,NONE,,,209027.4,246652.332,,0,,209027.4,246652.332,0,,,1,,1,Not billed yet,,,,,,,
Ben Tennyson,WOCOMPANY_033,SDPLDEAL-187,One time Project,,Not Started,,09-01-2026,Purchase Order,19-01-2026,30-06-2026,OWNER_003,Renewables,Others,NONE,,,610434,720312.12,,0,,610434,720312.12,0,,,6,,6,,,,,,,,
Ben Tennyson,WOCOMPANY_033,SDPLDEAL-188,One time Project,,Not Started,,09-01-2026,Purchase Order,19-01-2026,28-02-2026,OWNER_003,Renewables,Others,NONE,,,215810,254655.8,,0,,215810,254655.8,0,,,2,,2,,,,,,,,
,WOCOMPANY_045,SDPLDEAL-189,Proof of Concept,,Ongoing,,09-01-2026,Purchase Order,17-01-2026,31-03-2026,OWNER_003,Railways,Others,NONE,,,1035854.087,1222307.823,,0,,1035854.087,1222307.823,0,,,30,,30,,,,,,,,
